DOCKTYPE,DOCTYPE,FEE,2014,2002,1996,Unallocated,ACMS Long Description,,Corrected New Fee,11/17 changed,ASSET,DISTRIB1,Pre-11/17,Corrected Current Fee
DJ,A,175,40,30,25,80,"ANSWER TO COMPLAINT,CROSSCLAIM,COUNTERCLAIM & 3RD PARTY COMPLT",0,175,TRUE,11000,41002,135,135
DJ,A06,175,40,25,40,70,ANSWER W/CROSSCLAIM AND JURY DEMAND,75,250,FALSE,11000,41002,135,135
DJ,M04,50,20,15,0,15,MOTION TO AMEND ANSWER,0,50,TRUE,11000,41002,30,30
DJ,M05,50,20,15,0,15,MOTION TO AMEND COMPLAINT,0,50,TRUE,11000,41002,30,30
DJ,M13,50,20,15,0,15,MOTION TO CHANGE NAME,0,50,TRUE,11000,41002,30,30
DJ,M14,50,20,15,0,15,MOTION TO CHANGE VENUE,0,50,TRUE,11000,41002,30,30
DJ,M18,50,20,15,0,15,MOTION TO ALLOW COUNTERCLAIM,0,50,TRUE,11000,41002,30,30
DJ,M20,50,20,15,0,15,MOTION TO DEPOSIT FUNDS,0,50,TRUE,11000,41002,30,30
DJ,M21,50,20,15,0,15,MOTION TO DISMISS APPEAL,0,50,TRUE,11000,41002,30,30
DJ,M30,50,20,15,0,15,MOTION TO ENFORCE SETTLEMENT,0,50,TRUE,11000,41002,30,30
DJ,M42,50,20,15,0,15,MOTION TO INTERVENE,0,50,TRUE,11000,41002,30,30
DJ,M47,50,20,15,0,15,MOTION TO PRODUCE RECORDS,0,50,TRUE,11000,41002,30,30
DJ,M48,50,20,15,0,15,MOTION TO RECONSIDER,0,50,TRUE,11000,41002,30,30
DJ,M49,50,20,15,0,15,MOTION TO RECONSIDER ORDER,0,50,TRUE,11000,41002,30,30
DJ,M50,50,20,15,0,15,MOTION TO REINSTATE CASE,0,50,TRUE,11000,41002,30,30
DJ,M52,50,20,15,0,15,MOTION TO RELIEVE COUNSEL,0,50,TRUE,11000,41002,30,30
DJ,M60,50,20,15,0,15,MOTION TO STRIKE,0,50,TRUE,11000,41002,30,30
DJ,M63,50,20,15,0,15,MOTION TO SUBSTITUTE SERVICE,0,50,TRUE,11000,41002,30,30
DJ,M65,50,20,15,0,15,MOTION FOR SUMMARY JUDGMENT,0,50,TRUE,11000,41002,30,30
DJ,M69,50,20,15,0,15,MOTION TO VACATE DEFAULT JUDGMENT & RESTORE,0,50,TRUE,11000,41002,30,30
DJ,M70,50,20,15,0,15,MOTION TO WITHDRAW AS COUNSEL,0,50,TRUE,11000,41002,30,30
DJ,M73,50,20,15,0,15,MOTION WAGE EXEC,0,50,TRUE,11000,41002,30,30
DJ,M80,50,20,15,0,15,MOTION TO COMPEL DISCOVERY,0,50,TRUE,11000,41002,30,30
DJ,M82,50,20,15,0,15,MOTION HOLD IN CONTEMPT FAILURE TO ANSWER INTERROGATORIES,0,50,TRUE,11000,41002,30,30
DJ,M92,50,20,15,0,15,MOTION FOR NOTICE OF MOTION HEARING,0,50,TRUE,11000,41002,30,30
DJ,M94,50,20,15,0,15,MOTION HOLD IN CONTEMPT,0,50,TRUE,11000,41002,30,30
DJ,M96,50,20,15,0,15,MOTION OTHER COURT INITIATED MOTION,0,50,TRUE,11000,41002,30,30
DJ,M97,50,20,15,0,15,MOTION FOR ORDER TO SHOW CAUSE HEARING,0,50,TRUE,11000,41002,30,30
DJ,M99,50,20,15,0,15,MOTION FOR MISC MOTION,0,50,TRUE,11000,41002,30,30
DJ,MA1,50,20,15,0,15,MOTION DISMISSING COMPLAINT,0,50,TRUE,11000,41002,30,30
DJ,MA3,50,20,15,0,15,MOTION TO VACATE,0,50,TRUE,11000,41002,30,30
DJ,MA4,50,20,15,0,15,MOTION TO ENTER JUDGMENT,0,50,TRUE,11000,41002,30,30
DJ,MA5,50,20,15,0,15,MOTION FOR DISMISSAL,0,50,TRUE,11000,41002,30,30
DJ,MA6,50,20,15,0,15,MOTION TURN OVER FUNDS,0,50,TRUE,11000,41002,30,30
DJ,MA7,50,20,15,0,15,MOTION TO RESTORE ANSWER,0,50,TRUE,11000,41002,30,30
DJ,MA8,50,20,15,0,15,MOTION TO COMPEL DEPOSITION,0,50,TRUE,11000,41002,30,30
DJ,MA9,50,20,15,0,15,MOTION TO FILE ANSWER,0,50,TRUE,11000,41002,30,30
DJ,MB1,50,20,15,0,15,MOTION TO STRIKE ANSWER,0,50,TRUE,11000,41002,30,30
DJ,MB3,50,20,15,0,15,MOTION TO FILE OR AMEND COMPLAINT,0,50,TRUE,11000,41002,30,30
DJ,MB4,50,20,15,0,15,MOTION STRIKE ANSWER FOR FAILURE TO PROVIDE ANSW TO INTERROG,0,50,TRUE,11000,41002,30,30
DJ,MB7,50,20,15,0,15,MOTION TO STAY JUDGMENT,0,50,TRUE,11000,41002,30,30
DJ,MB8,50,20,15,0,15,MOTION TO COMPEL ANSWERS TO INTERROGATORIES,0,50,TRUE,11000,41002,30,30
DJ,MC2,50,20,15,0,15,MOTION TO ENTER DEFAULT OUT OF TIME,0,50,TRUE,11000,41002,30,30
DJ,MC3,50,20,15,0,15,MOTION TO VACATE ORDER,0,50,TRUE,11000,41002,30,30
DJ,MC5,50,20,15,0,15,MOTION FOR CROSS MOTION,0,50,TRUE,11000,41002,30,30
DJ,MC9,50,20,15,0,15,MOTION FOR ADMISSION PRO HAC VICE,0,50,TRUE,11000,41002,30,30
DJ,MD1,50,20,15,0,15,MOTION TO FILE 2ND AMENDED COMPLAINT,0,50,TRUE,11000,41002,30,30
DJ,MD2,50,20,15,0,15,MOTION TO PERMIT FILING OF A REVISED CAPTION TO REP NAME,0,50,TRUE,11000,41002,30,30
DJ,MD4,50,20,15,0,15,MOTION TO TURNOVER MONIES,0,50,TRUE,11000,41002,15,30
DJ,MD6,50,20,15,0,15,MOTION TO AMENDED ORDER,0,50,TRUE,11000,41002,30,30
DJ,ME4,50,20,15,0,15,MOTION TO ISSUE WARRANT,0,50,TRUE,11000,41002,30,30
DJ,ME6,50,20,15,0,15,MOTION-CROSS,0,50,TRUE,11000,41002,30,30
DJ,ME9,50,20,15,0,15,MOTION FOR DISCOVERY,0,50,TRUE,11000,41002,30,30
DJ,MF4,50,20,15,0,15,MOTION FOR SERVICE BY MAIL,0,50,TRUE,11000,41002,30,30
DJ,MF6,50,20,15,0,15,MOTION TO PAY JUDGMENT,0,50,TRUE,11000,41002,30,30
DJ,MG4,50,20,15,0,15,MOTION TO VACATE DISMISSAL,0,50,TRUE,11000,41002,30,30
DJ,MG6,50,20,15,0,15,MOTION TO COMPEL PAYMENT OF JUDGMENT,0,50,TRUE,11000,41002,30,30
DJ,MH3,50,20,15,0,15,MOTION VACATE DEFAULT/EXTEND TIME ANSWER,0,50,TRUE,11000,41002,30,30
DJ,MI5,50,20,15,0,15,MOTION FOR ATTORNEY FEES,0,50,TRUE,11000,41002,30,30
DJ,MI8,50,20,15,0,15,MOTION FOR SALE OF LANDS,0,50,TRUE,11000,41002,30,30
DJ,MJ8,50,20,15,0,15,MOTION TO PAY,0,50,TRUE,11000,41002,30,30
DJ,MK1,50,20,15,0,15,MOTION ENTERING DEFAULTJUDGMENT,0,50,TRUE,11000,41002,30,30
DJ,MK4,50,20,15,0,15,MOTION FOR PAYMENT INTO COURT,0,50,TRUE,11000,41002,30,30
DJ,MK6,50,20,15,0,15,MOTION FOR WRIT,0,50,TRUE,11000,41002,30,30
DJ,ML3,50,20,15,0,15,MOTION VACATING JUDGMENT AND EXECUTION,0,50,TRUE,11000,41002,30,30
DJ,ML8,50,20,15,0,15,MOTION TO PAY SURPLUS FUNDS OUT OF COURT,0,50,TRUE,11000,41002,30,30
DJ,MM2,50,20,15,0,15,MOTION APPOINTING RENT RECEIVER,0,50,TRUE,11000,41002,30,30
DJ,MM6,50,20,15,0,15,MOTION CANCELING MORTGAGE,0,50,TRUE,11000,41002,30,30
DJ,MM8,50,20,15,0,15,MOTION CORRECTING DEFENDANTS NAME,0,50,TRUE,11000,41002,30,30
DJ,MM9,50,20,15,0,15,MOTION TO ENFORCE LITIGANTS RIGHTS,0,50,TRUE,11000,41002,30,30
DJ,MN2,50,20,15,0,15,MOTION TO STRIKE ANSWER AND ENTER DEFAULT,0,50,TRUE,11000,41002,30,30
DJ,MN3,50,20,15,0,15,MOTION TO RESTORE CASE TO ACTIVE CALENDAR,0,50,TRUE,11000,41002,30,30
DJ,MN5,50,20,15,0,15,MOTION FOR PROTECTIVE ORDER,0,50,TRUE,11000,41002,30,30
DJ,MN7,50,20,15,0,15,MOTION TO REVIVE A JUDGMENT,0,50,TRUE,11000,41002,30,30
DJ,MN9,50,20,15,0,15,MOTION FIXING COMPENSATION,0,50,TRUE,11000,41002,30,30
DJ,MP3,50,20,15,0,15,MOTION TO QUASH SUBPOENA,0,50,TRUE,11000,41002,30,30
DJ,MP4,50,20,15,0,15,MOTION TO AMEND JUDGMENT,0,50,TRUE,11000,41002,30,30
DJ,MQ7,50,20,15,0,15,MOTION STAY PROCEEDING,0,50,TRUE,11000,41002,30,30
DJ,MR1,50,20,15,0,15,MOTION RE-NEW ENTRY OF DEFAULT/JUDGMENT,0,50,TRUE,11000,41002,30,30
DJ,MR2,50,20,15,0,15,MOTION FOR ARREST,0,50,TRUE,11000,41002,30,30
DJ,MR5,50,20,15,0,15,MOTION TO SATISFY JUDGMENT,0,50,TRUE,11000,41002,30,30
DJ,MT5,50,20,15,0,15,MOTION TO CANCEL & DISCHARGE JUDGMENT OF RECORD,0,50,TRUE,11000,41002,30,30
DJ,MU3,50,15,15,0,20,MOTION TO WITHDRAW FUNDS LESS THAN $1000,0,50,TRUE,11000,41002,35,35
DJ,MU4,50,10,15,0,25,MOTION TO WITHDRAW FUNDS $1000 OR GREATER,0,50,TRUE,11000,41002,40,40
DJ,O73,0,0,0,0,0,ORDR WAGE EXEC,0,0,TRUE,11000,41002,15,0
DJ,O80,0,0,0,0,0,ORDER TO COMPEL DISCOVERY,0,0,TRUE,11000,41002,15,0
DJ,O97,0,0,0,0,0,ORDER SHOW CAUSE,0,0,TRUE,11000,41002,30,0
DJ,OE9,0,0,0,0,0,ORDER FOR DISCOVERY,0,0,TRUE,11000,41002,15,0
DJ,OF8,0,0,0,0,0,ORDER FOR DISCOVERY,0,0,TRUE,11000,41002,15,0
DJ,OJ8,0,0,0,0,0,ORDER TO PAY,0,0,TRUE,11000,41002,15,0
DJ,OU3,0,0,0,0,0,ORDER TO WITHDRAW FUNDS LESS THAN $1000,0,0,TRUE,11000,41002,35,0
DJ,OU4,0,0,0,0,0,ORDER TO WITHDRAW FUNDS $1000 OR GREATER,0,0,TRUE,11000,41002,40,0
DJ,X10,15,10,0,0,5,CERTIFICATION,0,15,TRUE,11000,41002,5,5
DJ,X12,10,0,0,0,10,NOTICE OF APPEAL,0,10,TRUE,11000,41002,10,10
DJ,X13,50,20,15,0,15,PETITION CERTIFICATION,0,50,TRUE,11000,41002,30,30
DJ,X26,50,15,0,0,35,WARRANT OF SATISFACTION,0,50,TRUE,11000,41002,35,35
DJ,X30,50,45,0,0,5,WRIT OF EXECUTION,0,50,TRUE,11000,41002,5,5
DJ,X36,35,30,0,0,5,WARRANT OF ARREST,0,35,TRUE,11000,41002,5,5
DJ,X43,50,20,15,0,15,SHOW CAUSE,0,50,TRUE,11000,41002,30,30
DJ,X46,35,30,0,0,5,APPLICATION FOR WAGE EXECUTION,15,50,FALSE,11000,41002,30,5
DJ,X49,35,30,0,0,5,WAGE EXECUTION,15,50,FALSE,11000,41002,15,5
DJ,X64,50,20,15,0,15,NOTICE OF APPLICATION,0,50,TRUE,11000,41002,30,30
DJ,XAS,10,5,0,0,5,AFFIXING THE COURT SEAL,0,10,TRUE,11000,41002,0,0
DJ,XC7,35,30,0,0,5,ASSIGNMENT OF JUDGEMENT,0,35,TRUE,11000,41002,5,5
DJ,XCS,25,15,0,0,10,CERTIFIED COPY AND SEAL,0,25,TRUE,11000,41002,10,10
DJ,XE5,50,20,15,0,15,PETITION FOR DISCOVERY,0,50,TRUE,11000,41002,30,30
