DOCKTYPE,DOCTYPE,FEE,2014,2002,1996,Unallocated, ASSET , DISTRIB1 ,ACMS Long Description
DJ,A,135,,30,25,80,11000,41002,"ANSWER TO COMPLAINT,CROSSCLAIM,COUNTERCLAIM & 3RD PARTY COMPLT"
DJ,A06,135,,25,30,80,11000,41002,ANSWER W/CROSSCLAIM AND JURY DEMAND
DJ,M04,30,,15,0,15,11000,41002,MOTION TO AMEND ANSWER
DJ,M05,30,,15,0,15,11000,41002,MOTION TO AMEND COMPLAINT
DJ,M13,30,,15,0,15,11000,41002,MOTION TO CHANGE NAME
DJ,M14,30,,15,0,15,11000,41002,MOTION TO CHANGE VENUE
DJ,M18,30,,15,0,15,11000,41002,MOTION TO ALLOW COUNTERCLAIM
DJ,M20,30,,15,0,15,11000,41002,MOTION TO DEPOSIT FUNDS
DJ,M21,30,,15,0,15,11000,41002,MOTION TO DISMISS APPEAL
DJ,M30,30,,15,0,15,11000,41002,MOTION TO ENFORCE SETTLEMENT
DJ,M42,30,,15,0,15,11000,41002,MOTION TO INTERVENE
DJ,M47,30,,15,0,15,11000,41002,MOTION TO PRODUCE RECORDS
DJ,M48,30,,15,0,15,11000,41002,MOTION TO RECONSIDER
DJ,M49,30,,15,0,15,11000,41002,MOTION TO RECONSIDER ORDER
DJ,M50,30,,15,0,15,11000,41002,MOTION TO REINSTATE CASE
DJ,M52,30,,15,0,15,11000,41002,MOTION TO RELIEVE COUNSEL
DJ,M60,30,,15,0,15,11000,41002,MOTION TO STRIKE
DJ,M63,30,,15,0,15,11000,41002,MOTION TO SUBSTITUTE SERVICE
DJ,M65,30,,15,0,15,11000,41002,MOTION FOR SUMMARY JUDGMENT
DJ,M69,30,,15,0,15,11000,41002,MOTION TO VACATE DEFAULT JUDGMENT & RESTORE
DJ,M70,30,,15,0,15,11000,41002,MOTION TO WITHDRAW AS COUNSEL
DJ,M73,30,,15,0,15,11000,41002,MOTION WAGE EXEC
DJ,M80,30,,15,0,15,11000,41002,MOTION TO COMPEL DISCOVERY
DJ,M82,30,,15,0,15,11000,41002,MOTION HOLD IN CONTEMPT FAILURE TO ANSWER INTERROGATORIES
DJ,M92,30,,15,0,15,11000,41002,MOTION FOR NOTICE OF MOTION HEARING
DJ,M94,30,,15,0,15,11000,41002,MOTION HOLD IN CONTEMPT
DJ,M96,30,,15,0,15,11000,41002,MOTION OTHER COURT INITIATED MOTION
DJ,M97,30,,15,0,15,11000,41002,MOTION FOR ORDER TO SHOW CAUSE HEARING
DJ,M99,30,,15,0,15,11000,41002,MOTION FOR MISC MOTION
DJ,MA1,30,,15,0,15,11000,41002,MOTION DISMISSING COMPLAINT
DJ,MA3,30,,15,0,15,11000,41002,MOTION TO VACATE
DJ,MA4,30,,15,0,15,11000,41002,MOTION TO ENTER JUDGMENT
DJ,MA5,30,,15,0,15,11000,41002,MOTION FOR DISMISSAL
DJ,MA6,30,,15,0,15,11000,41002,MOTION TURN OVER FUNDS
DJ,MA7,30,,15,0,15,11000,41002,MOTION TO RESTORE ANSWER
DJ,MA8,30,,15,0,15,11000,41002,MOTION TO COMPEL DEPOSITION
DJ,MA9,30,,15,0,15,11000,41002,MOTION TO FILE ANSWER
DJ,MB1,30,,15,0,15,11000,41002,MOTION TO STRIKE ANSWER
DJ,MB3,30,,15,0,15,11000,41002,MOTION TO FILE OR AMEND COMPLAINT
DJ,MB4,30,,15,0,15,11000,41002,MOTION STRIKE ANSWER FOR FAILURE TO PROVIDE ANSW TO INTERROG
DJ,MB7,30,,15,0,15,11000,41002,MOTION TO STAY JUDGMENT
DJ,MB8,30,,15,0,15,11000,41002,MOTION TO COMPEL ANSWERS TO INTERROGATORIES
DJ,MC2,30,,15,0,15,11000,41002,MOTION TO ENTER DEFAULT OUT OF TIME
DJ,MC3,30,,15,0,15,11000,41002,MOTION TO VACATE ORDER
DJ,MC5,30,,15,0,15,11000,41002,MOTION FOR CROSS MOTION
DJ,MC9,30,,15,0,15,11000,41002,MOTION FOR ADMISSION PRO HAC VICE
DJ,MD1,30,,15,0,15,11000,41002,MOTION TO FILE 2ND AMENDED COMPLAINT
DJ,MD2,30,,15,0,15,11000,41002,MOTION TO PERMIT FILING OF A REVISED CAPTION TO REP NAME
DJ,MD4,15,,15,0,0,11000,41002,MOTION TO TURNOVER MONIES
DJ,MD6,30,,15,0,15,11000,41002,MOTION TO AMENDED ORDER
DJ,ME4,30,,15,0,15,11000,41002,MOTION TO ISSUE WARRANT
DJ,ME6,30,,15,0,15,11000,41002,MOTION-CROSS
DJ,ME9,30,,15,0,15,11000,41002,MOTION FOR DISCOVERY
DJ,MF4,30,,15,0,15,11000,41002,MOTION FOR SERVICE BY MAIL
DJ,MF6,30,,15,0,15,11000,41002,MOTION TO PAY JUDGMENT
DJ,MG4,30,,15,0,15,11000,41002,MOTION TO VACATE DISMISSAL
DJ,MG6,30,,15,0,15,11000,41002,MOTION TO COMPEL PAYMENT OF JUDGMENT
DJ,MH3,30,,15,0,15,11000,41002,MOTION VACATE DEFAULT/EXTEND TIME ANSWER
DJ,MI5,30,,15,0,15,11000,41002,MOTION FOR ATTORNEY FEES
DJ,MI8,30,,15,0,15,11000,41002,MOTION FOR SALE OF LANDS
DJ,MJ8,30,,15,0,15,11000,41002,MOTION TO PAY
DJ,MK1,30,,15,0,15,11000,41002,MOTION ENTERING DEFAULTJUDGMENT
DJ,MK4,30,,15,0,15,11000,41002,MOTION FOR PAYMENT INTO COURT
DJ,MK6,30,,15,0,15,11000,41002,MOTION FOR WRIT
DJ,ML3,30,,15,0,15,11000,41002,MOTION VACATING JUDGMENT AND EXECUTION
DJ,ML8,30,,15,0,15,11000,41002,MOTION TO PAY SURPLUS FUNDS OUT OF COURT
DJ,MM2,30,,15,0,15,11000,41002,MOTION APPOINTING RENT RECEIVER
DJ,MM6,30,,15,0,15,11000,41002,MOTION CANCELING MORTGAGE
DJ,MM8,30,,15,0,15,11000,41002,MOTION CORRECTING DEFENDANTS NAME
DJ,MM9,30,,15,0,15,11000,41002,MOTION TO ENFORCE LITIGANTS RIGHTS
DJ,MN2,30,,15,0,15,11000,41002,MOTION TO STRIKE ANSWER AND ENTER DEFAULT
DJ,MN3,30,,15,0,15,11000,41002,MOTION TO RESTORE CASE TO ACTIVE CALENDAR
DJ,MN5,30,,15,0,15,11000,41002,MOTION FOR PROTECTIVE ORDER
DJ,MN7,30,,15,0,15,11000,41002,MOTION TO REVIVE A JUDGMENT
DJ,MN9,30,,15,0,15,11000,41002,MOTION FIXING COMPENSATION
DJ,MP3,30,,15,0,15,11000,41002,MOTION TO QUASH SUBPOENA
DJ,MP4,30,,15,0,15,11000,41002,MOTION TO AMEND JUDGMENT
DJ,MQ7,30,,15,0,15,11000,41002,MOTION STAY PROCEEDING
DJ,MR1,30,,15,0,15,11000,41002,MOTION RE-NEW ENTRY OF DEFAULT/JUDGMENT
DJ,MR2,30,,15,0,15,11000,41002,MOTION FOR ARREST
DJ,MR5,30,,15,0,15,11000,41002,MOTION TO SATISFY JUDGMENT
DJ,MT5,30,,15,0,15,11000,41002,MOTION TO CANCEL & DISCHARGE JUDGMENT OF RECORD
DJ,MU3,35,,15,0,20,11000,41002,MOTION TO WITHDRAW FUNDS LESS THAN $1000
DJ,MU4,40,,15,0,25,11000,41002,MOTION TO WITHDRAW FUNDS $1000 OR GREATER
DJ,O73,15,,0,0,15,11000,41002,ORDR WAGE EXEC
DJ,O80,15,,0,0,15,11000,41002,ORDER TO COMPEL DISCOVERY
DJ,O97,30,,0,0,30,11000,41002,ORDER SHOW CAUSE
DJ,OE9,15,,0,0,15,11000,41002,ORDER FOR DISCOVERY
DJ,OF8,15,,0,0,15,11000,41002,ORDER FOR DISCOVERY
DJ,OJ8,15,,0,0,15,11000,41002,ORDER TO PAY
DJ,OU3,35,,0,0,35,11000,41002,ORDER TO WITHDRAW FUNDS LESS THAN $1000
DJ,OU4,40,,0,0,40,11000,41002,ORDER TO WITHDRAW FUNDS $1000 OR GREATER
DJ,X10,5,,0,0,5,11000,41002,CERTIFICATION
DJ,X12,10,,0,0,10,11000,41002,NOTICE OF APPEAL
DJ,X13,30,,15,0,15,11000,41002,PETITION CERTIFICATION
DJ,X26,35,,0,0,35,11000,41002,WARRANT OF SATISFACTION
DJ,X30,5,,0,0,5,11000,41002,WRIT OF EXECUTION
DJ,X36,5,,0,0,5,11000,41002,WARRANT OF ARREST
DJ,X43,30,,15,0,15,11000,41002,SHOW CAUSE
DJ,X46,30,,0,0,30,11000,41002,APPLICATION FOR WAGE EXECUTION
DJ,X49,15,,0,0,15,11000,41002,WAGE EXECUTION
DJ,X64,30,,15,0,15,11000,41002,NOTICE OF APPLICATION
DJ,XAS,0,,0,0,0,11000,41002,AFFIXING THE COURT SEAL
DJ,XC7,5,,0,0,5,11000,41002,ASSIGNMENT OF JUDGEMENT
DJ,XCS,10,,0,0,10,11000,41002,CERTIFIED COPY AND SEAL
DJ,XE5,30,,15,0,15,11000,41002,PETITION FOR DISCOVERY